county,state,"Rates of Persons, aged 45 to 54, Living with HIV, 2020"
Autauga,Alabama,255
Baldwin,Alabama,315
Barbour,Alabama,734
Bibb,Alabama,422
Blount,Alabama,158
Bullock,Alabama,931
Butler,Alabama,355
Calhoun,Alabama,374
Chambers,Alabama,686
Cherokee,Alabama,228
Chilton,Alabama,281
Choctaw,Alabama,453
Clarke,Alabama,446
Clay,Alabama,402
Cleburne,Alabama,-1
Coffee,Alabama,230
Colbert,Alabama,272
Conecuh,Alabama,420
Coosa,Alabama,-1
Covington,Alabama,402
Crenshaw,Alabama,356
Cullman,Alabama,188
Dale,Alabama,655
Dallas,Alabama,801
DeKalb,Alabama,182
Elmore,Alabama,494
Escambia,Alabama,458
Etowah,Alabama,421
Fayette,Alabama,-1
Franklin,Alabama,271
Geneva,Alabama,378
Greene,Alabama,-1
Hale,Alabama,826
Henry,Alabama,690
Houston,Alabama,758
Jackson,Alabama,249
Jefferson,Alabama,1124
Lamar,Alabama,455
Lauderdale,Alabama,207
Lawrence,Alabama,-1
Lee,Alabama,363
Limestone,Alabama,174
Lowndes,Alabama,1338
Macon,Alabama,628
Madison,Alabama,392
Marengo,Alabama,342
Marion,Alabama,273
Marshall,Alabama,305
Mobile,Alabama,959
Monroe,Alabama,427
Montgomery,Alabama,1360
Morgan,Alabama,260
Perry,Alabama,748
Pickens,Alabama,474
Pike,Alabama,780
Randolph,Alabama,-1
Russell,Alabama,722
Shelby,Alabama,282
St. Clair,Alabama,264
Sumter,Alabama,965
Talladega,Alabama,523
Tallapoosa,Alabama,412
Tuscaloosa,Alabama,425
Walker,Alabama,238
Washington,Alabama,239
Wilcox,Alabama,-1
Winston,Alabama,-1
Aleutians East,Alaska,-4
Aleutians West,Alaska,-4
Anchorage,Alaska,-4
Bethel,Alaska,-4
Bristol Bay,Alaska,-4
Chugach,Alaska,-4
Copper River,Alaska,-4
Denali,Alaska,-4
Dillingham,Alaska,-4
Fairbanks North Star,Alaska,-4
Haines,Alaska,-4
Hoonah-Angoon,Alaska,-4
Juneau,Alaska,-4
Kenai Peninsula,Alaska,-4
Ketchikan Gateway,Alaska,-4
Kodiak Island,Alaska,-4
Kusilvak,Alaska,-4
Lake and Peninsula,Alaska,-4
Matanuska-Susitna,Alaska,-4
Nome,Alaska,-4
North Slope,Alaska,-4
Northwest Arctic,Alaska,-4
Petersburg,Alaska,-4
Prince of Wales-Hyder,Alaska,-4
Sitka,Alaska,-4
Skagway,Alaska,-4
Southeast Fairbanks,Alaska,-4
Wrangell,Alaska,-4
Yakutat,Alaska,-4
Yukon-Koyukuk,Alaska,-4
Apache,Arizona,388
Cochise,Arizona,421
Coconino,Arizona,229
Gila,Arizona,285
Graham,Arizona,239
Greenlee,Arizona,0
La Paz,Arizona,-1
Maricopa,Arizona,533
Mohave,Arizona,285
Navajo,Arizona,291
Pima,Arizona,546
Pinal,Arizona,590
Santa Cruz,Arizona,228
Yavapai,Arizona,322
Yuma,Arizona,304
Arkansas,Arkansas,431
Ashley,Arkansas,246
Baxter,Arkansas,199
Benton,Arkansas,204
Boone,Arkansas,176
Bradley,Arkansas,-1
Calhoun,Arkansas,0
Carroll,Arkansas,314
Chicot,Arkansas,505
Clark,Arkansas,456
Clay,Arkansas,-1
Cleburne,Arkansas,-1
Cleveland,Arkansas,-1
Columbia,Arkansas,325
Conway,Arkansas,-1
Craighead,Arkansas,377
Crawford,Arkansas,138
Crittenden,Arkansas,1109
Cross,Arkansas,544
Dallas,Arkansas,-1
Desha,Arkansas,-1
Drew,Arkansas,259
Faulkner,Arkansas,249
Franklin,Arkansas,-1
Fulton,Arkansas,-1
Garland,Arkansas,463
Grant,Arkansas,212
Greene,Arkansas,136
Hempstead,Arkansas,333
Hot Spring,Arkansas,232
Howard,Arkansas,-1
Independence,Arkansas,262
Izard,Arkansas,-1
Jackson,Arkansas,449
Jefferson,Arkansas,1001
Johnson,Arkansas,-1
Lafayette,Arkansas,-1
Lawrence,Arkansas,-1
Lee,Arkansas,992
Lincoln,Arkansas,804
Little River,Arkansas,463
Logan,Arkansas,-1
Lonoke,Arkansas,181
Madison,Arkansas,-1
Marion,Arkansas,377
Miller,Arkansas,503
Mississippi,Arkansas,304
Monroe,Arkansas,664
Montgomery,Arkansas,0
Nevada,Arkansas,480
Newton,Arkansas,-1
Ouachita,Arkansas,371
Perry,Arkansas,-1
Phillips,Arkansas,762
Pike,Arkansas,-1
Poinsett,Arkansas,-1
Polk,Arkansas,256
Pope,Arkansas,109
Prairie,Arkansas,507
Pulaski,Arkansas,961
Randolph,Arkansas,-1
Saline,Arkansas,207
Scott,Arkansas,-1
Searcy,Arkansas,-1
Sebastian,Arkansas,459
Sevier,Arkansas,-1
Sharp,Arkansas,-1
St. Francis,Arkansas,940
Stone,Arkansas,-1
Union,Arkansas,555
Van Buren,Arkansas,-1
Washington,Arkansas,372
White,Arkansas,209
Woodruff,Arkansas,-1
Yell,Arkansas,227
Alameda,California,669
Alpine,California,-2
Amador,California,-2
Butte,California,314
Calaveras,California,-2
Colusa,California,-2
Contra Costa,California,398
Del Norte,California,-2
El Dorado,California,208
Fresno,California,411
Glenn,California,-2
Humboldt,California,311
Imperial,California,525
Inyo,California,-2
Kern,California,457
Kings,California,311
Lake,California,432
Lassen,California,-2
Los Angeles,California,985
Madera,California,271
Marin,California,465
Mariposa,California,-2
Mendocino,California,367
Merced,California,234
Modoc,California,-2
Mono,California,-2
Monterey,California,414
Napa,California,377
Nevada,California,293
Orange,California,426
Placer,California,148
Plumas,California,-2
Riverside,California,670
Sacramento,California,574
San Benito,California,151
San Bernardino,California,439
San Diego,California,854
San Francisco,California,2626
San Joaquin,California,398
San Luis Obispo,California,306
San Mateo,California,384
Santa Barbara,California,304
Santa Clara,California,352
Santa Cruz,California,404
Shasta,California,184
Sierra,California,-2
Siskiyou,California,-2
Solano,California,516
Sonoma,California,440
Stanislaus,California,343
Sutter,California,230
Tehama,California,128
Trinity,California,-2
Tulare,California,205
Tuolumne,California,-2
Ventura,California,219
Yolo,California,275
Yuba,California,354
Adams,Colorado,434
Alamosa,Colorado,668
Arapahoe,Colorado,500
Archuleta,Colorado,-1
Baca,Colorado,-1
Bent,Colorado,-1
Boulder,Colorado,259
Broomfield,Colorado,-1
Chaffee,Colorado,-1
Cheyenne,Colorado,-1
Clear Creek,Colorado,426
Conejos,Colorado,-1
Costilla,Colorado,-1
Crowley,Colorado,-1
Custer,Colorado,0
Delta,Colorado,-1
Denver,Colorado,1392
Dolores,Colorado,-1
Douglas,Colorado,129
Eagle,Colorado,234
El Paso,Colorado,292
Elbert,Colorado,126
Fremont,Colorado,640
Garfield,Colorado,188
Gilpin,Colorado,0
Grand,Colorado,-1
Gunnison,Colorado,-1
Hinsdale,Colorado,-1
Huerfano,Colorado,-1
Jackson,Colorado,0
Jefferson,Colorado,310
Kiowa,Colorado,0
Kit Carson,Colorado,-1
La Plata,Colorado,131
Lake,Colorado,-1
Larimer,Colorado,188
Las Animas,Colorado,386
Lincoln,Colorado,904
Logan,Colorado,319
Mesa,Colorado,217
Mineral,Colorado,-1
Moffat,Colorado,-1
Montezuma,Colorado,-1
Montrose,Colorado,169
Morgan,Colorado,347
Otero,Colorado,-1
Ouray,Colorado,-1
Park,Colorado,-1
Phillips,Colorado,0
Pitkin,Colorado,189
Prowers,Colorado,-1
Pueblo,Colorado,347
Rio Blanco,Colorado,-1
Rio Grande,Colorado,-1
Routt,Colorado,252
Saguache,Colorado,-1
San Juan,Colorado,-1
San Miguel,Colorado,-1
Sedgwick,Colorado,-1
Summit,Colorado,387
Teller,Colorado,-1
Washington,Colorado,-1
Weld,Colorado,156
Yuma,Colorado,-1
Fairfield,Connecticut,520
Hartford,Connecticut,666
Litchfield,Connecticut,224
Middlesex,Connecticut,305
New Haven,Connecticut,736
New London,Connecticut,426
Tolland,Connecticut,211
Windham,Connecticut,357
Kent,Delaware,556
New Castle,Delaware,724
Sussex,Delaware,642
Alachua,Florida,768
Baker,Florida,822
Bay,Florida,562
Bradford,Florida,695
Brevard,Florida,538
Broward,Florida,1892
Calhoun,Florida,524
Charlotte,Florida,433
Citrus,Florida,373
Clay,Florida,374
Collier,Florida,554
Columbia,Florida,1055
DeSoto,Florida,1008
Dixie,Florida,581
Duval,Florida,1306
Escambia,Florida,891
Flagler,Florida,452
Franklin,Florida,-1
Gadsden,Florida,1218
Gilchrist,Florida,-1
Glades,Florida,2037
Gulf,Florida,305
Hamilton,Florida,2574
Hardee,Florida,475
Hendry,Florida,647
Hernando,Florida,428
Highlands,Florida,578
Hillsborough,Florida,877
Holmes,Florida,389
Indian River,Florida,572
Jackson,Florida,2137
Jefferson,Florida,1771
Lafayette,Florida,-1
Lake,Florida,599
Lee,Florida,654
Leon,Florida,1085
Levy,Florida,556
Liberty,Florida,-1
Madison,Florida,1053
Manatee,Florida,584
Marion,Florida,655
Martin,Florida,413
Miami-Dade,Florida,1702
Monroe,Florida,1337
Nassau,Florida,274
Okaloosa,Florida,489
Okeechobee,Florida,679
Orange,Florida,1175
Osceola,Florida,667
Palm Beach,Florida,1076
Pasco,Florida,395
Pinellas,Florida,978
Polk,Florida,774
Putnam,Florida,594
Santa Rosa,Florida,251
Sarasota,Florida,499
Seminole,Florida,533
St. Johns,Florida,227
St. Lucie,Florida,1130
Sumter,Florida,855
Suwannee,Florida,805
Taylor,Florida,1144
Union,Florida,2687
Volusia,Florida,659
Wakulla,Florida,651
Walton,Florida,309
Washington,Florida,1638
Appling,Georgia,459
Atkinson,Georgia,-1
Bacon,Georgia,850
Baker,Georgia,-1
Baldwin,Georgia,601
Banks,Georgia,-1
Barrow,Georgia,345
Bartow,Georgia,378
Ben Hill,Georgia,497
Berrien,Georgia,443
Bibb,Georgia,1571
Bleckley,Georgia,796
Brantley,Georgia,-1
Brooks,Georgia,953
Bryan,Georgia,184
Bulloch,Georgia,793
Burke,Georgia,809
Butts,Georgia,1077
Calhoun,Georgia,-1
Camden,Georgia,456
Candler,Georgia,-1
Carroll,Georgia,393
Catoosa,Georgia,140
Charlton,Georgia,614
Chatham,Georgia,1218
Chattahoochee,Georgia,0
Chattooga,Georgia,464
Cherokee,Georgia,286
Clarke,Georgia,683
Clay,Georgia,-1
Clayton,Georgia,1374
Clinch,Georgia,602
Cobb,Georgia,776
Coffee,Georgia,498
Colquitt,Georgia,765
Columbia,Georgia,262
Cook,Georgia,718
Coweta,Georgia,310
Crawford,Georgia,309
Crisp,Georgia,1413
Dade,Georgia,-1
Dawson,Georgia,283
Decatur,Georgia,1171
DeKalb,Georgia,2229
Dodge,Georgia,650
Dooly,Georgia,736
Dougherty,Georgia,1662
Douglas,Georgia,799
Early,Georgia,406
Echols,Georgia,-1
Effingham,Georgia,294
Elbert,Georgia,696
Emanuel,Georgia,601
Evans,Georgia,793
Fannin,Georgia,297
Fayette,Georgia,305
Floyd,Georgia,512
Forsyth,Georgia,137
Franklin,Georgia,441
Fulton,Georgia,2560
Gilmer,Georgia,386
Glascock,Georgia,-1
Glynn,Georgia,652
Gordon,Georgia,233
Grady,Georgia,509
Greene,Georgia,260
Gwinnett,Georgia,593
Habersham,Georgia,269
Hall,Georgia,273
Hancock,Georgia,0
Haralson,Georgia,121
Harris,Georgia,240
Hart,Georgia,295
Heard,Georgia,-1
Henry,Georgia,695
Houston,Georgia,535
Irwin,Georgia,1766
Jackson,Georgia,235
Jasper,Georgia,-1
Jeff Davis,Georgia,-1
Jefferson,Georgia,485
Jenkins,Georgia,672
Johnson,Georgia,445
Jones,Georgia,183
Lamar,Georgia,420
Lanier,Georgia,-1
Laurens,Georgia,885
Lee,Georgia,295
Liberty,Georgia,1047
Lincoln,Georgia,524
Long,Georgia,-1
Lowndes,Georgia,1513
Lumpkin,Georgia,185
Macon,Georgia,902
Madison,Georgia,152
Marion,Georgia,-1
McDuffie,Georgia,523
McIntosh,Georgia,963
Meriwether,Georgia,595
Miller,Georgia,756
Mitchell,Georgia,1156
Monroe,Georgia,379
Montgomery,Georgia,-1
Morgan,Georgia,278
Murray,Georgia,108
Muscogee,Georgia,1212
Newton,Georgia,595
Oconee,Georgia,86
Oglethorpe,Georgia,242
Paulding,Georgia,289
Peach,Georgia,1186
Pickens,Georgia,140
Pierce,Georgia,389
Pike,Georgia,-1
Polk,Georgia,398
Pulaski,Georgia,347
Putnam,Georgia,258
Quitman,Georgia,-1
Rabun,Georgia,319
Randolph,Georgia,1618
Richmond,Georgia,1417
Rockdale,Georgia,885
Schley,Georgia,0
Screven,Georgia,813
Seminole,Georgia,-1
Spalding,Georgia,799
Stephens,Georgia,357
Stewart,Georgia,3134
Sumter,Georgia,1410
Talbot,Georgia,-1
Taliaferro,Georgia,0
Tattnall,Georgia,712
Taylor,Georgia,899
Telfair,Georgia,931
Terrell,Georgia,1205
Thomas,Georgia,603
Tift,Georgia,919
Toombs,Georgia,648
Towns,Georgia,-1
Treutlen,Georgia,1215
Troup,Georgia,598
Turner,Georgia,922
Twiggs,Georgia,-1
Union,Georgia,185
Upson,Georgia,447
Walker,Georgia,257
Walton,Georgia,466
Ware,Georgia,1098
Warren,Georgia,0
Washington,Georgia,367
Wayne,Georgia,494
Webster,Georgia,-1
Wheeler,Georgia,912
White,Georgia,-1
Whitfield,Georgia,261
Wilcox,Georgia,1878
Wilkes,Georgia,602
Wilkinson,Georgia,-1
Worth,Georgia,554
Hawaii,Hawaii,383
Honolulu,Hawaii,295
Kalawao,Hawaii,-1
Kauai,Hawaii,-1
Maui,Hawaii,373
Ada,Idaho,-2
Adams,Idaho,-2
Bannock,Idaho,-2
Bear Lake,Idaho,-2
Benewah,Idaho,-2
Bingham,Idaho,-2
Blaine,Idaho,-2
Boise,Idaho,-2
Bonner,Idaho,-2
Bonneville,Idaho,-2
Boundary,Idaho,-2
Butte,Idaho,-2
Camas,Idaho,-2
Canyon,Idaho,-2
Caribou,Idaho,-2
Cassia,Idaho,-2
Clark,Idaho,-2
Clearwater,Idaho,-2
Custer,Idaho,-2
Elmore,Idaho,-2
Franklin,Idaho,-2
Fremont,Idaho,-2
Gem,Idaho,-2
Gooding,Idaho,-2
Idaho,Idaho,-2
Jefferson,Idaho,-2
Jerome,Idaho,-2
Kootenai,Idaho,-2
Latah,Idaho,-2
Lemhi,Idaho,-2
Lewis,Idaho,-2
Lincoln,Idaho,-2
Madison,Idaho,-2
Minidoka,Idaho,-2
Nez Perce,Idaho,-2
Oneida,Idaho,-2
Owyhee,Idaho,-2
Payette,Idaho,-2
Power,Idaho,-2
Shoshone,Idaho,-2
Teton,Idaho,-2
Twin Falls,Idaho,-2
Valley,Idaho,-2
Washington,Idaho,-2
Adams,Illinois,-2
Alexander,Illinois,-2
Bond,Illinois,-2
Boone,Illinois,-2
Brown,Illinois,-2
Bureau,Illinois,-2
Calhoun,Illinois,-2
Carroll,Illinois,-2
Cass,Illinois,-2
Champaign,Illinois,-2
Christian,Illinois,-2
Clark,Illinois,-2
Clay,Illinois,-2
Clinton,Illinois,-2
Coles,Illinois,-2
Cook,Illinois,975
Crawford,Illinois,-2
Cumberland,Illinois,-2
De Witt,Illinois,-2
DeKalb,Illinois,-2
Douglas,Illinois,-2
DuPage,Illinois,166
Edgar,Illinois,-2
Edwards,Illinois,-2
Effingham,Illinois,-2
Fayette,Illinois,-2
Ford,Illinois,-2
Franklin,Illinois,-2
Fulton,Illinois,-2
Gallatin,Illinois,-2
Greene,Illinois,-2
Grundy,Illinois,-2
Hamilton,Illinois,-2
Hancock,Illinois,-2
Hardin,Illinois,-2
Henderson,Illinois,-2
Henry,Illinois,-2
Iroquois,Illinois,-2
Jackson,Illinois,-2
Jasper,Illinois,-2
Jefferson,Illinois,-2
Jersey,Illinois,-2
Jo Daviess,Illinois,-2
Johnson,Illinois,-2
Kane,Illinois,-2
Kankakee,Illinois,-2
Kendall,Illinois,-2
Knox,Illinois,-2
Lake,Illinois,206
LaSalle,Illinois,-2
Lawrence,Illinois,-2
Lee,Illinois,-2
Livingston,Illinois,-2
Logan,Illinois,-2
Macon,Illinois,-2
Macoupin,Illinois,-2
Madison,Illinois,-2
Marion,Illinois,-2
Marshall,Illinois,-2
Mason,Illinois,-2
Massac,Illinois,-2
McDonough,Illinois,-2
McHenry,Illinois,-2
McLean,Illinois,-2
Menard,Illinois,-2
Mercer,Illinois,-2
Monroe,Illinois,-2
Montgomery,Illinois,-2
Morgan,Illinois,-2
Moultrie,Illinois,-2
Ogle,Illinois,-2
Peoria,Illinois,-2
Perry,Illinois,-2
Piatt,Illinois,-2
Pike,Illinois,-2
Pope,Illinois,-2
Pulaski,Illinois,-2
Putnam,Illinois,-2
Randolph,Illinois,-2
Richland,Illinois,-2
Rock Island,Illinois,-2
Saline,Illinois,-2
Sangamon,Illinois,-2
Schuyler,Illinois,-2
Scott,Illinois,-2
Shelby,Illinois,-2
St. Clair,Illinois,-2
Stark,Illinois,-2
Stephenson,Illinois,-2
Tazewell,Illinois,-2
Union,Illinois,-2
Vermilion,Illinois,-2
Wabash,Illinois,-2
Warren,Illinois,-2
Washington,Illinois,-2
Wayne,Illinois,-2
White,Illinois,-2
Whiteside,Illinois,-2
Will,Illinois,151
Williamson,Illinois,-2
Winnebago,Illinois,-2
Woodford,Illinois,-2
Adams,Indiana,-1
Allen,Indiana,310
Bartholomew,Indiana,116
Benton,Indiana,-1
Blackford,Indiana,-1
Boone,Indiana,152
Brown,Indiana,-1
Carroll,Indiana,-1
Cass,Indiana,294
Clark,Indiana,401
Clay,Indiana,276
Clinton,Indiana,184
Crawford,Indiana,-1
Daviess,Indiana,142
Dearborn,Indiana,-1
Decatur,Indiana,210
DeKalb,Indiana,148
Delaware,Indiana,193
Dubois,Indiana,176
Elkhart,Indiana,241
Fayette,Indiana,236
Floyd,Indiana,201
Fountain,Indiana,-1
Franklin,Indiana,-1
Fulton,Indiana,-1
Gibson,Indiana,146
Grant,Indiana,201
Greene,Indiana,191
Hamilton,Indiana,165
Hancock,Indiana,151
Harrison,Indiana,-1
Hendricks,Indiana,261
Henry,Indiana,251
Howard,Indiana,315
Huntington,Indiana,-1
Jackson,Indiana,231
Jasper,Indiana,123
Jay,Indiana,-1
Jefferson,Indiana,198
Jennings,Indiana,-1
Johnson,Indiana,233
Knox,Indiana,178
Kosciusko,Indiana,55
LaGrange,Indiana,-1
Lake,Indiana,429
LaPorte,Indiana,316
Lawrence,Indiana,119
Madison,Indiana,362
Marion,Indiana,1063
Marshall,Indiana,-1
Martin,Indiana,0
Miami,Indiana,195
Monroe,Indiana,375
Montgomery,Indiana,196
Morgan,Indiana,155
Newton,Indiana,-1
Noble,Indiana,-1
Ohio,Indiana,-1
Orange,Indiana,216
Owen,Indiana,-1
Parke,Indiana,-1
Perry,Indiana,309
Pike,Indiana,0
Porter,Indiana,147
Posey,Indiana,-1
Pulaski,Indiana,-1
Putnam,Indiana,437
Randolph,Indiana,-1
Ripley,Indiana,-1
Rush,Indiana,-1
Scott,Indiana,1068
Shelby,Indiana,103
Spencer,Indiana,-1
St. Joseph,Indiana,528
Starke,Indiana,210
Steuben,Indiana,164
Sullivan,Indiana,181
Switzerland,Indiana,-1
Tippecanoe,Indiana,257
Tipton,Indiana,-1
Union,Indiana,-1
Vanderburgh,Indiana,378
Vermillion,Indiana,-1
Vigo,Indiana,375
Wabash,Indiana,139
Warren,Indiana,-1
Warrick,Indiana,99
Washington,Indiana,165
Wayne,Indiana,248
Wells,Indiana,-1
White,Indiana,-1
Whitley,Indiana,-1
Adair,Iowa,-1
Adams,Iowa,0
Allamakee,Iowa,-1
Appanoose,Iowa,-1
Audubon,Iowa,0
Benton,Iowa,-1
Black Hawk,Iowa,272
Boone,Iowa,-1
Bremer,Iowa,-1
Buchanan,Iowa,-1
Buena Vista,Iowa,257
Butler,Iowa,-1
Calhoun,Iowa,-1
Carroll,Iowa,-1
Cass,Iowa,-1
Cedar,Iowa,-1
Cerro Gordo,Iowa,262
Cherokee,Iowa,-1
Chickasaw,Iowa,-1
Clarke,Iowa,-1
Clay,Iowa,-1
Clayton,Iowa,-1
Clinton,Iowa,222
Crawford,Iowa,-1
Dallas,Iowa,143
Davis,Iowa,-1
Decatur,Iowa,-1
Delaware,Iowa,-1
Des Moines,Iowa,-1
Dickinson,Iowa,-1
Dubuque,Iowa,122
Emmet,Iowa,-1
Fayette,Iowa,282
Floyd,Iowa,-1
Franklin,Iowa,-1
Fremont,Iowa,-1
Greene,Iowa,-1
Grundy,Iowa,-1
Guthrie,Iowa,-1
Hamilton,Iowa,-1
Hancock,Iowa,-1
Hardin,Iowa,-1
Harrison,Iowa,-1
Henry,Iowa,-1
Howard,Iowa,-1
Humboldt,Iowa,0
Ida,Iowa,-1
Iowa,Iowa,-1
Jackson,Iowa,-1
Jasper,Iowa,153
Jefferson,Iowa,-1
Johnson,Iowa,273
Jones,Iowa,241
Keokuk,Iowa,-1
Kossuth,Iowa,-1
Lee,Iowa,-1
Linn,Iowa,215
Louisa,Iowa,0
Lucas,Iowa,-1
Lyon,Iowa,-1
Madison,Iowa,-1
Mahaska,Iowa,-1
Marion,Iowa,-1
Marshall,Iowa,247
Mills,Iowa,-1
Mitchell,Iowa,-1
Monona,Iowa,0
Monroe,Iowa,-1
Montgomery,Iowa,-1
Muscatine,Iowa,120
O'Brien,Iowa,-1
Osceola,Iowa,-1
Page,Iowa,-1
Palo Alto,Iowa,-1
Plymouth,Iowa,0
Pocahontas,Iowa,-1
Polk,Iowa,381
Pottawattamie,Iowa,391
Poweshiek,Iowa,-1
Ringgold,Iowa,-1
Sac,Iowa,-1
Scott,Iowa,283
Shelby,Iowa,-1
Sioux,Iowa,-1
Story,Iowa,172
Tama,Iowa,-1
Taylor,Iowa,-1
Union,Iowa,-1
Van Buren,Iowa,-1
Wapello,Iowa,152
Warren,Iowa,-1
Washington,Iowa,203
Wayne,Iowa,-1
Webster,Iowa,-1
Winnebago,Iowa,-1
Winneshiek,Iowa,-1
Woodbury,Iowa,318
Worth,Iowa,0
Wright,Iowa,-1
Allen,Kansas,-1
Anderson,Kansas,-1
Atchison,Kansas,-1
Barber,Kansas,-1
Barton,Kansas,-1
Bourbon,Kansas,-1
Brown,Kansas,-1
Butler,Kansas,140
Chase,Kansas,-1
Chautauqua,Kansas,-1
Cherokee,Kansas,206
Cheyenne,Kansas,-1
Clark,Kansas,-1
Clay,Kansas,-1
Cloud,Kansas,0
Coffey,Kansas,-1
Comanche,Kansas,0
Cowley,Kansas,152
Crawford,Kansas,128
Decatur,Kansas,-1
Dickinson,Kansas,-1
Doniphan,Kansas,-1
Douglas,Kansas,198
Edwards,Kansas,-1
Elk,Kansas,0
Ellis,Kansas,-1
Ellsworth,Kansas,-1
Finney,Kansas,-1
Ford,Kansas,240
Franklin,Kansas,-1
Geary,Kansas,259
Gove,Kansas,-1
Graham,Kansas,-1
Grant,Kansas,-1
Gray,Kansas,-1
Greeley,Kansas,-1
Greenwood,Kansas,-1
Hamilton,Kansas,-1
Harper,Kansas,-1
Harvey,Kansas,172
Haskell,Kansas,-1
Hodgeman,Kansas,0
Jackson,Kansas,-1
Jefferson,Kansas,-1
Jewell,Kansas,0
Johnson,Kansas,257
Kearny,Kansas,-1
Kingman,Kansas,-1
Kiowa,Kansas,0
Labette,Kansas,359
Lane,Kansas,0
Leavenworth,Kansas,239
Lincoln,Kansas,-1
Linn,Kansas,-1
Logan,Kansas,0
Lyon,Kansas,-1
Marion,Kansas,0
Marshall,Kansas,0
McPherson,Kansas,-1
Meade,Kansas,-1
Miami,Kansas,-1
Mitchell,Kansas,-1
Montgomery,Kansas,146
Morris,Kansas,-1
Morton,Kansas,-1
Nemaha,Kansas,-1
Neosho,Kansas,-1
Ness,Kansas,0
Norton,Kansas,-1
Osage,Kansas,-1
Osborne,Kansas,0
Ottawa,Kansas,-1
Pawnee,Kansas,-1
Phillips,Kansas,0
Pottawatomie,Kansas,-1
Pratt,Kansas,-1
Rawlins,Kansas,0
Reno,Kansas,220
Republic,Kansas,-1
Rice,Kansas,-1
Riley,Kansas,198
Rooks,Kansas,-1
Rush,Kansas,0
Russell,Kansas,-1
Saline,Kansas,162
Scott,Kansas,-1
Sedgwick,Kansas,387
Seward,Kansas,337
Shawnee,Kansas,299
Sheridan,Kansas,0
Sherman,Kansas,-1
Smith,Kansas,0
Stafford,Kansas,-1
Stanton,Kansas,-1
Stevens,Kansas,-1
Sumner,Kansas,318
Thomas,Kansas,-1
Trego,Kansas,0
Wabaunsee,Kansas,0
Wallace,Kansas,0
Washington,Kansas,-1
Wichita,Kansas,0
Wilson,Kansas,-1
Woodson,Kansas,-1
Wyandotte,Kansas,635
Adair,Kentucky,-2
Allen,Kentucky,-2
Anderson,Kentucky,-2
Ballard,Kentucky,-2
Barren,Kentucky,-2
Bath,Kentucky,-2
Bell,Kentucky,-2
Boone,Kentucky,131
Bourbon,Kentucky,-2
Boyd,Kentucky,-2
Boyle,Kentucky,-2
Bracken,Kentucky,-2
Breathitt,Kentucky,-2
Breckinridge,Kentucky,-2
Bullitt,Kentucky,141
Butler,Kentucky,-2
Caldwell,Kentucky,-2
Calloway,Kentucky,-2
Campbell,Kentucky,324
Carlisle,Kentucky,-2
Carroll,Kentucky,-2
Carter,Kentucky,-2
Casey,Kentucky,-2
Christian,Kentucky,356
Clark,Kentucky,-2
Clay,Kentucky,-2
Clinton,Kentucky,-2
Crittenden,Kentucky,-2
Cumberland,Kentucky,-2
Daviess,Kentucky,234
Edmonson,Kentucky,-2
Elliott,Kentucky,-2
Estill,Kentucky,-2
Fayette,Kentucky,760
Fleming,Kentucky,-2
Floyd,Kentucky,-2
Franklin,Kentucky,-2
Fulton,Kentucky,-2
Gallatin,Kentucky,-2
Garrard,Kentucky,-2
Grant,Kentucky,-2
Graves,Kentucky,-2
Grayson,Kentucky,-2
Green,Kentucky,-2
Greenup,Kentucky,-2
Hancock,Kentucky,-2
Hardin,Kentucky,398
Harlan,Kentucky,-2
Harrison,Kentucky,-2
Hart,Kentucky,-2
Henderson,Kentucky,-2
Henry,Kentucky,-2
Hickman,Kentucky,-2
Hopkins,Kentucky,-2
Jackson,Kentucky,-2
Jefferson,Kentucky,856
Jessamine,Kentucky,-2
Johnson,Kentucky,-2
Kenton,Kentucky,452
Knott,Kentucky,-2
Knox,Kentucky,-2
Larue,Kentucky,-2
Laurel,Kentucky,224
Lawrence,Kentucky,-2
Lee,Kentucky,-2
Leslie,Kentucky,-2
Letcher,Kentucky,-2
Lewis,Kentucky,-2
Lincoln,Kentucky,-2
Livingston,Kentucky,-2
Logan,Kentucky,-2
Lyon,Kentucky,-2
Madison,Kentucky,198
Magoffin,Kentucky,-2
Marion,Kentucky,-2
Marshall,Kentucky,-2
Martin,Kentucky,-2
Mason,Kentucky,-2
McCracken,Kentucky,557
McCreary,Kentucky,-2
McLean,Kentucky,-2
Meade,Kentucky,-2
Menifee,Kentucky,-2
Mercer,Kentucky,-2
Metcalfe,Kentucky,-2
Monroe,Kentucky,-2
Montgomery,Kentucky,-2
Morgan,Kentucky,-2
Muhlenberg,Kentucky,-2
Nelson,Kentucky,-2
Nicholas,Kentucky,-2
Ohio,Kentucky,-2
Oldham,Kentucky,177
Owen,Kentucky,-2
Owsley,Kentucky,-2
Pendleton,Kentucky,-2
Perry,Kentucky,-2
Pike,Kentucky,-2
Powell,Kentucky,-2
Pulaski,Kentucky,93
Robertson,Kentucky,-2
Rockcastle,Kentucky,-2
Rowan,Kentucky,-2
Russell,Kentucky,-2
Scott,Kentucky,-2
Shelby,Kentucky,-2
Simpson,Kentucky,-2
Spencer,Kentucky,-2
Taylor,Kentucky,-2
Todd,Kentucky,-2
Trigg,Kentucky,-2
Trimble,Kentucky,-2
Union,Kentucky,-2
Warren,Kentucky,359
Washington,Kentucky,-2
Wayne,Kentucky,-2
Webster,Kentucky,-2
Whitley,Kentucky,-2
Wolfe,Kentucky,-2
Woodford,Kentucky,-2
Acadia,Louisiana,916
Allen,Louisiana,1507
Ascension,Louisiana,357
Assumption,Louisiana,1185
Avoyelles,Louisiana,1179
Beauregard,Louisiana,284
Bienville,Louisiana,1854
Bossier,Louisiana,798
Caddo,Louisiana,753
Calcasieu,Louisiana,630
Caldwell,Louisiana,504
Cameron,Louisiana,-1
Catahoula,Louisiana,1099
Claiborne,Louisiana,892
Concordia,Louisiana,799
De Soto,Louisiana,151
East Baton Rouge,Louisiana,2022
East Carroll,Louisiana,-1
East Feliciana,Louisiana,467
Evangeline,Louisiana,554
Franklin,Louisiana,370
Grant,Louisiana,410
Iberia,Louisiana,557
Iberville,Louisiana,1546
Jackson,Louisiana,590
Jefferson,Louisiana,913
Jefferson Davis,Louisiana,312
La Salle,Louisiana,1080
Lafayette,Louisiana,595
Lafourche,Louisiana,314
Lincoln,Louisiana,367
Livingston,Louisiana,582
Madison,Louisiana,1010
Morehouse,Louisiana,822
Natchitoches,Louisiana,758
Orleans,Louisiana,2464
Ouachita,Louisiana,892
Plaquemines,Louisiana,549
Pointe Coupee,Louisiana,492
Rapides,Louisiana,659
Red River,Louisiana,-1
Richland,Louisiana,-1
Sabine,Louisiana,-1
St. Bernard,Louisiana,1004
St. Charles,Louisiana,741
St. Helena,Louisiana,1351
St. James,Louisiana,761
St. John the Baptist,Louisiana,194
St. Landry,Louisiana,750
St. Martin,Louisiana,-1
St. Mary,Louisiana,262
St. Tammany,Louisiana,433
Tangipahoa,Louisiana,453
Tensas,Louisiana,-1
Terrebonne,Louisiana,308
Union,Louisiana,-1
Vermilion,Louisiana,257
Vernon,Louisiana,266
Washington,Louisiana,838
Webster,Louisiana,155
West Baton Rouge,Louisiana,816
West Carroll,Louisiana,-1
West Feliciana,Louisiana,1608
Winn,Louisiana,617
Androscoggin,Maine,-2
Aroostook,Maine,-2
Cumberland,Maine,-2
Franklin,Maine,-2
Hancock,Maine,-2
Kennebec,Maine,-2
Knox,Maine,-2
Lincoln,Maine,-2
Oxford,Maine,-2
Penobscot,Maine,-2
Piscataquis,Maine,-2
Sagadahoc,Maine,-2
Somerset,Maine,-2
Waldo,Maine,-2
Washington,Maine,-2
York,Maine,-2
Allegany,Maryland,452
Anne Arundel,Maryland,458
Baltimore,Maryland,802
Calvert,Maryland,207
Caroline,Maryland,-2
Carroll,Maryland,148
Cecil,Maryland,223
Charles,Maryland,670
Dorchester,Maryland,-2
Frederick,Maryland,316
Garrett,Maryland,-2
Harford,Maryland,393
Howard,Maryland,355
Kent,Maryland,-2
Montgomery,Maryland,710
Prince George's,Maryland,1660
Queen Anne's,Maryland,-2
Somerset,Maryland,-2
St. Mary's,Maryland,266
Talbot,Maryland,-2
Washington,Maryland,706
Wicomico,Maryland,409
Worcester,Maryland,-2
Barnstable,Massachusetts,-2
Berkshire,Massachusetts,-2
Bristol,Massachusetts,-2
Dukes,Massachusetts,-2
Essex,Massachusetts,487
Franklin,Massachusetts,-2
Hampden,Massachusetts,-2
Hampshire,Massachusetts,-2
Middlesex,Massachusetts,520
Nantucket,Massachusetts,-2
Norfolk,Massachusetts,347
Plymouth,Massachusetts,-2
Suffolk,Massachusetts,1644
Worcester,Massachusetts,475
Alcona,Michigan,-1
Alger,Michigan,-1
Allegan,Michigan,183
Alpena,Michigan,-1
Antrim,Michigan,191
Arenac,Michigan,0
Baraga,Michigan,-1
Barry,Michigan,64
Bay,Michigan,169
Benzie,Michigan,0
Berrien,Michigan,423
Branch,Michigan,115
Calhoun,Michigan,285
Cass,Michigan,135
Charlevoix,Michigan,-1
Cheboygan,Michigan,192
Chippewa,Michigan,-1
Clare,Michigan,272
Clinton,Michigan,243
Crawford,Michigan,-1
Delta,Michigan,216
Dickinson,Michigan,-1
Eaton,Michigan,175
Emmet,Michigan,-1
Genesee,Michigan,259
Gladwin,Michigan,168
Gogebic,Michigan,-1
Grand Traverse,Michigan,335
Gratiot,Michigan,162
Hillsdale,Michigan,-1
Houghton,Michigan,-1
Huron,Michigan,0
Ingham,Michigan,351
Ionia,Michigan,213
Iosco,Michigan,190
Iron,Michigan,-1
Isabella,Michigan,211
Jackson,Michigan,309
Kalamazoo,Michigan,314
Kalkaska,Michigan,370
Kent,Michigan,367
Keweenaw,Michigan,-1
Lake,Michigan,503
Lapeer,Michigan,200
Leelanau,Michigan,-1
Lenawee,Michigan,121
Livingston,Michigan,89
Luce,Michigan,-1
Mackinac,Michigan,-1
Macomb,Michigan,244
Manistee,Michigan,176
Marquette,Michigan,131
Mason,Michigan,250
Mecosta,Michigan,180
Menominee,Michigan,-1
Midland,Michigan,97
Missaukee,Michigan,0
Monroe,Michigan,192
Montcalm,Michigan,211
Montmorency,Michigan,-1
Muskegon,Michigan,244
Newaygo,Michigan,155
Oakland,Michigan,299
Oceana,Michigan,-1
Ogemaw,Michigan,-1
Ontonagon,Michigan,-1
Osceola,Michigan,182
Oscoda,Michigan,0
Otsego,Michigan,166
Ottawa,Michigan,115
Presque Isle,Michigan,0
Roscommon,Michigan,-1
Saginaw,Michigan,280
Sanilac,Michigan,102
Schoolcraft,Michigan,-1
Shiawassee,Michigan,115
St. Clair,Michigan,135
St. Joseph,Michigan,257
Tuscola,Michigan,-1
Van Buren,Michigan,152
Washtenaw,Michigan,322
Wayne,Michigan,704
Wexford,Michigan,-1
Aitkin,Minnesota,-1
Anoka,Minnesota,288
Becker,Minnesota,-1
Beltrami,Minnesota,179
Benton,Minnesota,166
Big Stone,Minnesota,0
Blue Earth,Minnesota,97
Brown,Minnesota,-1
Carlton,Minnesota,-1
Carver,Minnesota,155
Cass,Minnesota,-1
Chippewa,Minnesota,-1
Chisago,Minnesota,-1
Clay,Minnesota,154
Clearwater,Minnesota,0
Cook,Minnesota,-1
Cottonwood,Minnesota,-1
Crow Wing,Minnesota,71
Dakota,Minnesota,227
Dodge,Minnesota,-1
Douglas,Minnesota,-1
Faribault,Minnesota,-1
Fillmore,Minnesota,-1
Freeborn,Minnesota,-1
Goodhue,Minnesota,93
Grant,Minnesota,0
Hennepin,Minnesota,778
Houston,Minnesota,0
Hubbard,Minnesota,-1
Isanti,Minnesota,-1
Itasca,Minnesota,-1
Jackson,Minnesota,-1
Kanabec,Minnesota,-1
Kandiyohi,Minnesota,132
Kittson,Minnesota,-1
Koochiching,Minnesota,0
Lac qui Parle,Minnesota,-1
Lake,Minnesota,0
Lake of the Woods,Minnesota,-1
Le Sueur,Minnesota,-1
Lincoln,Minnesota,-1
Lyon,Minnesota,298
Mahnomen,Minnesota,-1
Marshall,Minnesota,-1
Martin,Minnesota,-1
McLeod,Minnesota,135
Meeker,Minnesota,-1
Mille Lacs,Minnesota,-1
Morrison,Minnesota,-1
Mower,Minnesota,401
Murray,Minnesota,-1
Nicollet,Minnesota,190
Nobles,Minnesota,383
Norman,Minnesota,-1
Olmsted,Minnesota,348
Otter Tail,Minnesota,-1
Pennington,Minnesota,-1
Pine,Minnesota,253
Pipestone,Minnesota,0
Polk,Minnesota,-1
Pope,Minnesota,-1
Ramsey,Minnesota,599
Red Lake,Minnesota,-1
Redwood,Minnesota,-1
Renville,Minnesota,-1
Rice,Minnesota,168
Rock,Minnesota,-1
Roseau,Minnesota,0
Scott,Minnesota,185
Sherburne,Minnesota,172
Sibley,Minnesota,-1
St. Louis,Minnesota,151
Stearns,Minnesota,228
Steele,Minnesota,-1
Stevens,Minnesota,-1
Swift,Minnesota,-1
Todd,Minnesota,-1
Traverse,Minnesota,-1
Wabasha,Minnesota,272
Wadena,Minnesota,-1
Waseca,Minnesota,0
Washington,Minnesota,158
Watonwan,Minnesota,-1
Wilkin,Minnesota,-1
Winona,Minnesota,-1
Wright,Minnesota,75
Yellow Medicine,Minnesota,-1
Adams,Mississippi,889
Alcorn,Mississippi,358
Amite,Mississippi,663
Attala,Mississippi,709
Benton,Mississippi,-1
Bolivar,Mississippi,677
Calhoun,Mississippi,419
Carroll,Mississippi,1006
Chickasaw,Mississippi,526
Choctaw,Mississippi,0
Claiborne,Mississippi,885
Clarke,Mississippi,432
Clay,Mississippi,442
Coahoma,Mississippi,1714
Copiah,Mississippi,1075
Covington,Mississippi,535
DeSoto,Mississippi,348
Forrest,Mississippi,932
Franklin,Mississippi,-1
George,Mississippi,201
Greene,Mississippi,1245
Grenada,Mississippi,709
Hancock,Mississippi,343
Harrison,Mississippi,648
Hinds,Mississippi,2239
Holmes,Mississippi,1026
Humphreys,Mississippi,703
Issaquena,Mississippi,-1
Itawamba,Mississippi,289
Jackson,Mississippi,406
Jasper,Mississippi,677
Jefferson,Mississippi,1022
Jefferson Davis,Mississippi,763
Jones,Mississippi,475
Kemper,Mississippi,436
Lafayette,Mississippi,389
Lamar,Mississippi,189
Lauderdale,Mississippi,812
Lawrence,Mississippi,812
Leake,Mississippi,366
Lee,Mississippi,373
Leflore,Mississippi,907
Lincoln,Mississippi,253
Lowndes,Mississippi,577
Madison,Mississippi,417
Marion,Mississippi,552
Marshall,Mississippi,496
Monroe,Mississippi,291
Montgomery,Mississippi,630
Neshoba,Mississippi,305
Newton,Mississippi,377
Noxubee,Mississippi,518
Oktibbeha,Mississippi,362
Panola,Mississippi,620
Pearl River,Mississippi,534
Perry,Mississippi,416
Pike,Mississippi,559
Pontotoc,Mississippi,178
Prentiss,Mississippi,-1
Quitman,Mississippi,575
Rankin,Mississippi,471
Scott,Mississippi,526
Sharkey,Mississippi,-1
Simpson,Mississippi,350
Smith,Mississippi,-1
Stone,Mississippi,491
Sunflower,Mississippi,1343
Tallahatchie,Mississippi,660
Tate,Mississippi,258
Tippah,Mississippi,-1
Tishomingo,Mississippi,-1
Tunica,Mississippi,1321
Union,Mississippi,189
Walthall,Mississippi,350
Warren,Mississippi,835
Washington,Mississippi,780
Wayne,Mississippi,300
Webster,Mississippi,-1
Wilkinson,Mississippi,652
Winston,Mississippi,378
Yalobusha,Mississippi,824
Yazoo,Mississippi,648
Adair,Missouri,520
Andrew,Missouri,322
Atchison,Missouri,-1
Audrain,Missouri,271
Barry,Missouri,191
Barton,Missouri,-1
Bates,Missouri,267
Benton,Missouri,450
Bollinger,Missouri,-1
Boone,Missouri,258
Buchanan,Missouri,279
Butler,Missouri,399
Caldwell,Missouri,-1
Callaway,Missouri,456
Camden,Missouri,288
Cape Girardeau,Missouri,211
Carroll,Missouri,-1
Carter,Missouri,-1
Cass,Missouri,150
Cedar,Missouri,0
Chariton,Missouri,-1
Christian,Missouri,178
Clark,Missouri,-1
Clay,Missouri,263
Clinton,Missouri,-1
Cole,Missouri,330
Cooper,Missouri,567
Crawford,Missouri,250
Dade,Missouri,-1
Dallas,Missouri,253
Daviess,Missouri,551
DeKalb,Missouri,-1
Dent,Missouri,282
Douglas,Missouri,0
Dunklin,Missouri,178
Franklin,Missouri,124
Gasconade,Missouri,-1
Gentry,Missouri,-1
Greene,Missouri,534
Grundy,Missouri,-1
Harrison,Missouri,-1
Henry,Missouri,-1
Hickory,Missouri,-1
Holt,Missouri,0
Howard,Missouri,0
Howell,Missouri,107
Iron,Missouri,-1
Jackson,Missouri,868
Jasper,Missouri,294
Jefferson,Missouri,155
Johnson,Missouri,240
Knox,Missouri,-1
Laclede,Missouri,116
Lafayette,Missouri,121
Lawrence,Missouri,155
Lewis,Missouri,-1
Lincoln,Missouri,165
Linn,Missouri,0
Livingston,Missouri,-1
Macon,Missouri,-1
Madison,Missouri,-1
Maries,Missouri,-1
Marion,Missouri,152
McDonald,Missouri,268
Mercer,Missouri,-1
Miller,Missouri,-1
Mississippi,Missouri,739
Moniteau,Missouri,-1
Monroe,Missouri,529
Montgomery,Missouri,-1
Morgan,Missouri,-1
New Madrid,Missouri,-1
Newton,Missouri,-1
Nodaway,Missouri,-1
Oregon,Missouri,-1
Osage,Missouri,-1
Ozark,Missouri,-1
Pemiscot,Missouri,284
Perry,Missouri,-1
Pettis,Missouri,149
Phelps,Missouri,132
Pike,Missouri,-1
Platte,Missouri,231
Polk,Missouri,166
Pulaski,Missouri,253
Putnam,Missouri,-1
Ralls,Missouri,-1
Randolph,Missouri,260
Ray,Missouri,-1
Reynolds,Missouri,-1
Ripley,Missouri,-1
Saline,Missouri,-1
Schuyler,Missouri,-1
Scotland,Missouri,-1
Scott,Missouri,240
Shannon,Missouri,0
Shelby,Missouri,-1
St. Charles,Missouri,164
St. Clair,Missouri,-1
St. Francois,Missouri,237
St. Louis,Missouri,563
St. Louis,Missouri,1941
Ste. Genevieve,Missouri,386
Stoddard,Missouri,-1
Stone,Missouri,220
Sullivan,Missouri,-1
Taney,Missouri,204
Texas,Missouri,-1
Vernon,Missouri,297
Warren,Missouri,-1
Washington,Missouri,303
Wayne,Missouri,-1
Webster,Missouri,207
Worth,Missouri,0
Wright,Missouri,-1
Beaverhead,Montana,-1
Big Horn,Montana,-1
Blaine,Montana,-1
Broadwater,Montana,0
Carbon,Montana,-1
Carter,Montana,-1
Cascade,Montana,110
Chouteau,Montana,0
Custer,Montana,-1
Daniels,Montana,-1
Dawson,Montana,0
Deer Lodge,Montana,0
Fallon,Montana,0
Fergus,Montana,-1
Flathead,Montana,89
Gallatin,Montana,174
Garfield,Montana,0
Glacier,Montana,-1
Golden Valley,Montana,-1
Granite,Montana,-1
Hill,Montana,-1
Jefferson,Montana,0
Judith Basin,Montana,-1
Lake,Montana,251
Lewis and Clark,Montana,125
Liberty,Montana,0
Lincoln,Montana,-1
Madison,Montana,0
McCone,Montana,0
Meagher,Montana,-1
Mineral,Montana,-1
Missoula,Montana,251
Musselshell,Montana,-1
Park,Montana,-1
Petroleum,Montana,-1
Phillips,Montana,-1
Pondera,Montana,0
Powder River,Montana,0
Powell,Montana,0
Prairie,Montana,0
Ravalli,Montana,-1
Richland,Montana,-1
Roosevelt,Montana,-1
Rosebud,Montana,-1
Sanders,Montana,-1
Sheridan,Montana,-1
Silver Bow,Montana,133
Stillwater,Montana,-1
Sweet Grass,Montana,0
Teton,Montana,-1
Toole,Montana,-1
Treasure,Montana,-1
Valley,Montana,-1
Wheatland,Montana,0
Wibaux,Montana,0
Yellowstone,Montana,187
Adams,Nebraska,-1
Antelope,Nebraska,0
Arthur,Nebraska,-1
Banner,Nebraska,-1
Blaine,Nebraska,-1
Boone,Nebraska,0
Box Butte,Nebraska,-1
Boyd,Nebraska,-1
Brown,Nebraska,-1
Buffalo,Nebraska,-1
Burt,Nebraska,-1
Butler,Nebraska,0
Cass,Nebraska,0
Cedar,Nebraska,-1
Chase,Nebraska,0
Cherry,Nebraska,0
Cheyenne,Nebraska,-1
Clay,Nebraska,-1
Colfax,Nebraska,-1
Cuming,Nebraska,-1
Custer,Nebraska,-1
Dakota,Nebraska,232
Dawes,Nebraska,-1
Dawson,Nebraska,0
Deuel,Nebraska,0
Dixon,Nebraska,0
Dodge,Nebraska,-1
Douglas,Nebraska,172
Dundy,Nebraska,-1
Fillmore,Nebraska,0
Franklin,Nebraska,0
Frontier,Nebraska,-1
Furnas,Nebraska,0
Gage,Nebraska,-1
Garden,Nebraska,0
Garfield,Nebraska,0
Gosper,Nebraska,-1
Grant,Nebraska,-1
Greeley,Nebraska,0
Hall,Nebraska,115
Hamilton,Nebraska,0
Harlan,Nebraska,0
Hayes,Nebraska,-1
Hitchcock,Nebraska,-1
Holt,Nebraska,-1
Hooker,Nebraska,-1
Howard,Nebraska,0
Jefferson,Nebraska,-1
Johnson,Nebraska,0
Kearney,Nebraska,0
Keith,Nebraska,-1
Keya Paha,Nebraska,-1
Kimball,Nebraska,0
Knox,Nebraska,-1
Lancaster,Nebraska,87
Lincoln,Nebraska,-1
Logan,Nebraska,-1
Loup,Nebraska,-1
Madison,Nebraska,-1
McPherson,Nebraska,-1
Merrick,Nebraska,-1
Morrill,Nebraska,-1
Nance,Nebraska,0
Nemaha,Nebraska,-1
Nuckolls,Nebraska,0
Otoe,Nebraska,-1
Pawnee,Nebraska,0
Perkins,Nebraska,0
Phelps,Nebraska,-1
Pierce,Nebraska,0
Platte,Nebraska,-1
Polk,Nebraska,-1
Red Willow,Nebraska,0
Richardson,Nebraska,-1
Rock,Nebraska,-1
Saline,Nebraska,-1
Sarpy,Nebraska,31
Saunders,Nebraska,0
Scotts Bluff,Nebraska,-1
Seward,Nebraska,0
Sheridan,Nebraska,-1
Sherman,Nebraska,0
Sioux,Nebraska,0
Stanton,Nebraska,-1
Thayer,Nebraska,-1
Thomas,Nebraska,-1
Thurston,Nebraska,-1
Valley,Nebraska,0
Washington,Nebraska,0
Wayne,Nebraska,0
Webster,Nebraska,0
Wheeler,Nebraska,-1
York,Nebraska,-1
Carson City,Nevada,573
Churchill,Nevada,340
Clark,Nevada,746
Douglas,Nevada,211
Elko,Nevada,113
Esmeralda,Nevada,-1
Eureka,Nevada,-1
Humboldt,Nevada,-1
Lander,Nevada,-1
Lincoln,Nevada,0
Lyon,Nevada,229
Mineral,Nevada,-1
Nye,Nevada,339
Pershing,Nevada,-1
Storey,Nevada,-1
Washoe,Nevada,435
White Pine,Nevada,747
Belknap,New Hampshire,-2
Carroll,New Hampshire,-2
Cheshire,New Hampshire,-2
Coos,New Hampshire,-2
Grafton,New Hampshire,-2
Hillsborough,New Hampshire,-2
Merrimack,New Hampshire,-2
Rockingham,New Hampshire,-2
Strafford,New Hampshire,-2
Sullivan,New Hampshire,-2
Atlantic,New Jersey,825
Bergen,New Jersey,316
Burlington,New Jersey,348
Camden,New Jersey,601
Cape May,New Jersey,341
Cumberland,New Jersey,750
Essex,New Jersey,1940
Gloucester,New Jersey,219
Hudson,New Jersey,1542
Hunterdon,New Jersey,199
Mercer,New Jersey,697
Middlesex,New Jersey,482
Monmouth,New Jersey,442
Morris,New Jersey,269
Ocean,New Jersey,233
Passaic,New Jersey,859
Salem,New Jersey,533
Somerset,New Jersey,320
Sussex,New Jersey,228
Union,New Jersey,835
Warren,New Jersey,176
Bernalillo,New Mexico,474
Catron,New Mexico,-1
Chaves,New Mexico,274
Cibola,New Mexico,1321
Colfax,New Mexico,392
Curry,New Mexico,226
De Baca,New Mexico,0
Do??a Ana,New Mexico,550
Eddy,New Mexico,176
Grant,New Mexico,227
Guadalupe,New Mexico,-1
Harding,New Mexico,-1
Hidalgo,New Mexico,-1
Lea,New Mexico,144
Lincoln,New Mexico,253
Los Alamos,New Mexico,-1
Luna,New Mexico,340
McKinley,New Mexico,461
Mora,New Mexico,-1
Otero,New Mexico,271
Quay,New Mexico,-1
Rio Arriba,New Mexico,362
Roosevelt,New Mexico,-1
San Juan,New Mexico,213
San Miguel,New Mexico,324
Sandoval,New Mexico,241
Santa Fe,New Mexico,485
Sierra,New Mexico,751
Socorro,New Mexico,455
Taos,New Mexico,134
Torrance,New Mexico,454
Union,New Mexico,-1
Valencia,New Mexico,298
Albany,New York,826
Allegany,New York,101
Bronx,New York,3840
Broome,New York,542
Cattaraugus,New York,255
Cayuga,New York,411
Chautauqua,New York,369
Chemung,New York,482
Chenango,New York,157
Clinton,New York,454
Columbia,New York,558
Cortland,New York,251
Delaware,New York,171
Dutchess,New York,423
Erie,New York,521
Essex,New York,366
Franklin,New York,417
Fulton,New York,203
Genesee,New York,361
Greene,New York,708
Hamilton,New York,-1
Herkimer,New York,217
Jefferson,New York,375
Kings,New York,1999
Lewis,New York,-1
Livingston,New York,301
Madison,New York,176
Monroe,New York,596
Montgomery,New York,342
Nassau,New York,342
New York,New York,3110
Niagara,New York,229
Oneida,New York,446
Onondaga,New York,492
Ontario,New York,185
Orange,New York,430
Orleans,New York,732
Oswego,New York,190
Otsego,New York,355
Putnam,New York,216
Queens,New York,1342
Rensselaer,New York,407
Richmond,New York,792
Rockland,New York,392
Saratoga,New York,168
Schenectady,New York,648
Schoharie,New York,263
Schuyler,New York,-1
Seneca,New York,424
St. Lawrence,New York,318
Steuben,New York,186
Suffolk,New York,349
Sullivan,New York,734
Tioga,New York,206
Tompkins,New York,375
Ulster,New York,506
Warren,New York,287
Washington,New York,307
Wayne,New York,284
Westchester,New York,597
Wyoming,New York,413
Yates,New York,-1
Alamance,North Carolina,608
Alexander,North Carolina,271
Alleghany,North Carolina,-1
Anson,North Carolina,561
Ashe,North Carolina,145
Avery,North Carolina,330
Beaufort,North Carolina,274
Bertie,North Carolina,882
Bladen,North Carolina,630
Brunswick,North Carolina,240
Buncombe,North Carolina,532
Burke,North Carolina,198
Cabarrus,North Carolina,343
Caldwell,North Carolina,234
Camden,North Carolina,-1
Carteret,North Carolina,241
Caswell,North Carolina,368
Catawba,North Carolina,286
Chatham,North Carolina,254
Cherokee,North Carolina,316
Chowan,North Carolina,-1
Clay,North Carolina,384
Cleveland,North Carolina,347
Columbus,North Carolina,533
Craven,North Carolina,670
Cumberland,North Carolina,942
Currituck,North Carolina,-1
Dare,North Carolina,184
Davidson,North Carolina,474
Davie,North Carolina,168
Duplin,North Carolina,489
Durham,North Carolina,1011
Edgecombe,North Carolina,1339
Forsyth,North Carolina,787
Franklin,North Carolina,310
Gaston,North Carolina,571
Gates,North Carolina,323
Graham,North Carolina,-1
Granville,North Carolina,699
Greene,North Carolina,801
Guilford,North Carolina,862
Halifax,North Carolina,500
Harnett,North Carolina,575
Haywood,North Carolina,290
Henderson,North Carolina,364
Hertford,North Carolina,839
Hoke,North Carolina,638
Hyde,North Carolina,-1
Iredell,North Carolina,198
Jackson,North Carolina,171
Johnston,North Carolina,352
Jones,North Carolina,528
Lee,North Carolina,458
Lenoir,North Carolina,748
Lincoln,North Carolina,198
Macon,North Carolina,177
Madison,North Carolina,218
Martin,North Carolina,481
McDowell,North Carolina,111
Mecklenburg,North Carolina,1002
Mitchell,North Carolina,-1
Montgomery,North Carolina,620
Moore,North Carolina,315
Nash,North Carolina,662
New Hanover,North Carolina,503
Northampton,North Carolina,412
Onslow,North Carolina,419
Orange,North Carolina,337
Pamlico,North Carolina,353
Pasquotank,North Carolina,552
Pender,North Carolina,373
Perquimans,North Carolina,458
Person,North Carolina,358
Pitt,North Carolina,713
Polk,North Carolina,-1
Randolph,North Carolina,379
Richmond,North Carolina,704
Robeson,North Carolina,651
Rockingham,North Carolina,398
Rowan,North Carolina,492
Rutherford,North Carolina,232
Sampson,North Carolina,542
Scotland,North Carolina,946
Stanly,North Carolina,271
Stokes,North Carolina,231
Surry,North Carolina,275
Swain,North Carolina,-1
Transylvania,North Carolina,186
Tyrrell,North Carolina,-1
Union,North Carolina,195
Vance,North Carolina,605
Wake,North Carolina,585
Warren,North Carolina,751
Washington,North Carolina,531
Watauga,North Carolina,87
Wayne,North Carolina,501
Wilkes,North Carolina,146
Wilson,North Carolina,729
Yadkin,North Carolina,133
Yancey,North Carolina,-1
Adams,North Dakota,-2
Barnes,North Dakota,-2
Benson,North Dakota,-2
Billings,North Dakota,-2
Bottineau,North Dakota,-2
Bowman,North Dakota,-2
Burke,North Dakota,-2
Burleigh,North Dakota,-2
Cass,North Dakota,-2
Cavalier,North Dakota,-2
Dickey,North Dakota,-2
Divide,North Dakota,-2
Dunn,North Dakota,-2
Eddy,North Dakota,-2
Emmons,North Dakota,-2
Foster,North Dakota,-2
Golden Valley,North Dakota,-2
Grand Forks,North Dakota,-2
Grant,North Dakota,-2
Griggs,North Dakota,-2
Hettinger,North Dakota,-2
Kidder,North Dakota,-2
LaMoure,North Dakota,-2
Logan,North Dakota,-2
McHenry,North Dakota,-2
McIntosh,North Dakota,-2
McKenzie,North Dakota,-2
McLean,North Dakota,-2
Mercer,North Dakota,-2
Morton,North Dakota,-2
Mountrail,North Dakota,-2
Nelson,North Dakota,-2
Oliver,North Dakota,-2
Pembina,North Dakota,-2
Pierce,North Dakota,-2
Ramsey,North Dakota,-2
Ransom,North Dakota,-2
Renville,North Dakota,-2
Richland,North Dakota,-2
Rolette,North Dakota,-2
Sargent,North Dakota,-2
Sheridan,North Dakota,-2
Sioux,North Dakota,-2
Slope,North Dakota,-2
Stark,North Dakota,-2
Steele,North Dakota,-2
Stutsman,North Dakota,-2
Towner,North Dakota,-2
Traill,North Dakota,-2
Walsh,North Dakota,-2
Ward,North Dakota,-2
Wells,North Dakota,-2
Williams,North Dakota,-2
Adams,Ohio,193
Allen,Ohio,369
Ashland,Ohio,80
Ashtabula,Ohio,244
Athens,Ohio,263
Auglaize,Ohio,-1
Belmont,Ohio,388
Brown,Ohio,125
Butler,Ohio,245
Carroll,Ohio,-1
Champaign,Ohio,196
Clark,Ohio,253
Clermont,Ohio,147
Clinton,Ohio,234
Columbiana,Ohio,226
Coshocton,Ohio,161
Crawford,Ohio,134
Cuyahoga,Ohio,764
Darke,Ohio,163
Defiance,Ohio,203
Delaware,Ohio,106
Erie,Ohio,331
Fairfield,Ohio,287
Fayette,Ohio,163
Franklin,Ohio,850
Fulton,Ohio,-1
Gallia,Ohio,224
Geauga,Ohio,65
Greene,Ohio,193
Guernsey,Ohio,-1
Hamilton,Ohio,733
Hancock,Ohio,197
Hardin,Ohio,139
Harrison,Ohio,-1
Henry,Ohio,152
Highland,Ohio,109
Hocking,Ohio,162
Holmes,Ohio,-1
Huron,Ohio,153
Jackson,Ohio,144
Jefferson,Ohio,216
Knox,Ohio,113
Lake,Ohio,172
Lawrence,Ohio,266
Licking,Ohio,240
Logan,Ohio,190
Lorain,Ohio,312
Lucas,Ohio,580
Madison,Ohio,410
Mahoning,Ohio,443
Marion,Ohio,326
Medina,Ohio,101
Meigs,Ohio,-1
Mercer,Ohio,-1
Miami,Ohio,139
Monroe,Ohio,-1
Montgomery,Ohio,549
Morgan,Ohio,278
Morrow,Ohio,-1
Muskingum,Ohio,186
Noble,Ohio,-1
Ottawa,Ohio,-1
Paulding,Ohio,-1
Perry,Ohio,253
Pickaway,Ohio,372
Pike,Ohio,222
Portage,Ohio,98
Preble,Ohio,96
Putnam,Ohio,-1
Richland,Ohio,266
Ross,Ohio,260
Sandusky,Ohio,152
Scioto,Ohio,213
Seneca,Ohio,79
Shelby,Ohio,165
Stark,Ohio,269
Summit,Ohio,346
Trumbull,Ohio,253
Tuscarawas,Ohio,74
Union,Ohio,190
Van Wert,Ohio,-1
Vinton,Ohio,-1
Warren,Ohio,165
Washington,Ohio,137
Wayne,Ohio,138
Williams,Ohio,233
Wood,Ohio,158
Wyandot,Ohio,0
Adair,Oklahoma,-1
Alfalfa,Oklahoma,-1
Atoka,Oklahoma,-1
Beaver,Oklahoma,-1
Beckham,Oklahoma,-1
Blaine,Oklahoma,564
Bryan,Oklahoma,374
Caddo,Oklahoma,307
Canadian,Oklahoma,221
Carter,Oklahoma,236
Cherokee,Oklahoma,197
Choctaw,Oklahoma,305
Cimarron,Oklahoma,0
Cleveland,Oklahoma,232
Coal,Oklahoma,-1
Comanche,Oklahoma,452
Cotton,Oklahoma,-1
Craig,Oklahoma,335
Creek,Oklahoma,229
Custer,Oklahoma,-1
Delaware,Oklahoma,256
Dewey,Oklahoma,0
Ellis,Oklahoma,-1
Garfield,Oklahoma,112
Garvin,Oklahoma,-1
Grady,Oklahoma,102
Grant,Oklahoma,-1
Greer,Oklahoma,993
Harmon,Oklahoma,-1
Harper,Oklahoma,-1
Haskell,Oklahoma,-1
Hughes,Oklahoma,389
Jackson,Oklahoma,196
Jefferson,Oklahoma,-1
Johnston,Oklahoma,-1
Kay,Oklahoma,200
Kingfisher,Oklahoma,-1
Kiowa,Oklahoma,-1
Latimer,Oklahoma,-1
Le Flore,Oklahoma,221
Lincoln,Oklahoma,214
Logan,Oklahoma,169
Love,Oklahoma,-1
Major,Oklahoma,-1
Marshall,Oklahoma,-1
Mayes,Oklahoma,140
McClain,Oklahoma,117
McCurtain,Oklahoma,-1
McIntosh,Oklahoma,499
Murray,Oklahoma,-1
Muskogee,Oklahoma,392
Noble,Oklahoma,-1
Nowata,Oklahoma,-1
Okfuskee,Oklahoma,394
Oklahoma,Oklahoma,673
Okmulgee,Oklahoma,209
Osage,Oklahoma,343
Ottawa,Oklahoma,-1
Pawnee,Oklahoma,-1
Payne,Oklahoma,220
Pittsburg,Oklahoma,263
Pontotoc,Oklahoma,222
Pottawatomie,Oklahoma,218
Pushmataha,Oklahoma,-1
Roger Mills,Oklahoma,-1
Rogers,Oklahoma,237
Seminole,Oklahoma,-1
Sequoyah,Oklahoma,309
Stephens,Oklahoma,188
Texas,Oklahoma,-1
Tillman,Oklahoma,-1
Tulsa,Oklahoma,559
Wagoner,Oklahoma,108
Washington,Oklahoma,191
Washita,Oklahoma,-1
Woods,Oklahoma,-1
Woodward,Oklahoma,350
Baker,Oregon,-1
Benton,Oregon,88
Clackamas,Oregon,305
Clatsop,Oregon,569
Columbia,Oregon,247
Coos,Oregon,231
Crook,Oregon,211
Curry,Oregon,212
Deschutes,Oregon,143
Douglas,Oregon,199
Gilliam,Oregon,-1
Grant,Oregon,-1
Harney,Oregon,0
Hood River,Oregon,-1
Jackson,Oregon,296
Jefferson,Oregon,318
Josephine,Oregon,252
Klamath,Oregon,93
Lake,Oregon,0
Lane,Oregon,249
Lincoln,Oregon,204
Linn,Oregon,166
Malheur,Oregon,234
Marion,Oregon,300
Morrow,Oregon,-1
Multnomah,Oregon,788
Polk,Oregon,190
Sherman,Oregon,-1
Tillamook,Oregon,-1
Umatilla,Oregon,303
Union,Oregon,229
Wallowa,Oregon,-1
Wasco,Oregon,279
Washington,Oregon,287
Wheeler,Oregon,0
Yamhill,Oregon,179
Adams,Pennsylvania,475
Allegheny,Pennsylvania,517
Armstrong,Pennsylvania,191
Beaver,Pennsylvania,123
Bedford,Pennsylvania,177
Berks,Pennsylvania,569
Blair,Pennsylvania,228
Bradford,Pennsylvania,98
Bucks,Pennsylvania,251
Butler,Pennsylvania,96
Cambria,Pennsylvania,210
Cameron,Pennsylvania,-1
Carbon,Pennsylvania,392
Centre,Pennsylvania,392
Chester,Pennsylvania,176
Clarion,Pennsylvania,481
Clearfield,Pennsylvania,157
Clinton,Pennsylvania,184
Columbia,Pennsylvania,322
Crawford,Pennsylvania,213
Cumberland,Pennsylvania,291
Dauphin,Pennsylvania,839
Delaware,Pennsylvania,523
Elk,Pennsylvania,-1
Erie,Pennsylvania,205
Fayette,Pennsylvania,179
Forest,Pennsylvania,-1
Franklin,Pennsylvania,253
Fulton,Pennsylvania,-1
Greene,Pennsylvania,235
Huntingdon,Pennsylvania,227
Indiana,Pennsylvania,118
Jefferson,Pennsylvania,-1
Juniata,Pennsylvania,-1
Lackawanna,Pennsylvania,414
Lancaster,Pennsylvania,416
Lawrence,Pennsylvania,153
Lebanon,Pennsylvania,262
Lehigh,Pennsylvania,729
Luzerne,Pennsylvania,304
Lycoming,Pennsylvania,351
McKean,Pennsylvania,-1
Mercer,Pennsylvania,142
Mifflin,Pennsylvania,123
Monroe,Pennsylvania,360
Montgomery,Pennsylvania,184
Montour,Pennsylvania,-1
Northampton,Pennsylvania,137
Northumberland,Pennsylvania,169
Perry,Pennsylvania,97
Philadelphia,Pennsylvania,2328
Pike,Pennsylvania,411
Potter,Pennsylvania,-1
Schuylkill,Pennsylvania,268
Snyder,Pennsylvania,141
Somerset,Pennsylvania,188
Sullivan,Pennsylvania,-1
Susquehanna,Pennsylvania,164
Tioga,Pennsylvania,167
Union,Pennsylvania,571
Venango,Pennsylvania,145
Warren,Pennsylvania,102
Washington,Pennsylvania,103
Wayne,Pennsylvania,121
Westmoreland,Pennsylvania,93
Wyoming,Pennsylvania,0
York,Pennsylvania,435
Adjuntas,Puerto Rico,271
Aguada,Puerto Rico,125
Aguadilla,Puerto Rico,485
Aguas Buenas,Puerto Rico,451
Aibonito,Puerto Rico,411
Añasco,Puerto Rico,329
Arecibo,Puerto Rico,755
Arroyo,Puerto Rico,457
Barceloneta,Puerto Rico,405
Barranquitas,Puerto Rico,338
Bayamón,Puerto Rico,1199
Cabo Rojo,Puerto Rico,173
Caguas,Puerto Rico,851
Camuy,Puerto Rico,287
Canóvanas,Puerto Rico,551
Carolina,Puerto Rico,832
Cataño,Puerto Rico,2594
Cayey,Puerto Rico,433
Ceiba,Puerto Rico,487
Ciales,Puerto Rico,803
Cidra,Puerto Rico,320
Coamo,Puerto Rico,125
Comerío,Puerto Rico,722
Corozal,Puerto Rico,537
Culebra,Puerto Rico,-1
Dorado,Puerto Rico,294
Fajardo,Puerto Rico,798
Florida,Puerto Rico,398
Guánica,Puerto Rico,-1
Guayama,Puerto Rico,828
Guayanilla,Puerto Rico,276
Guaynabo,Puerto Rico,566
Gurabo,Puerto Rico,356
Hatillo,Puerto Rico,277
Hormigueros,Puerto Rico,290
Humacao,Puerto Rico,938
Isabela,Puerto Rico,269
Jayuya,Puerto Rico,-1
Juana Díaz,Puerto Rico,492
Juncos,Puerto Rico,617
Lajas,Puerto Rico,-1
Lares,Puerto Rico,361
Las Mar?­as,Puerto Rico,-1
Las Piedras,Puerto Rico,378
Loíza,Puerto Rico,999
Luquillo,Puerto Rico,475
Manatí,Puerto Rico,778
Maricao,Puerto Rico,-1
Maunabo,Puerto Rico,729
Mayagüez,Puerto Rico,686
Moca,Puerto Rico,175
Morovis,Puerto Rico,428
Naguabo,Puerto Rico,396
Naranjito,Puerto Rico,536
Orocovis,Puerto Rico,410
Patillas,Puerto Rico,430
Peñuelas,Puerto Rico,451
Ponce,Puerto Rico,1161
Quebradillas,Puerto Rico,573
Rincón,Puerto Rico,-1
Rí­o Grande,Puerto Rico,289
Sabana Grande,Puerto Rico,183
Salinas,Puerto Rico,380
San Germán,Puerto Rico,257
San Juan,Puerto Rico,2303
San Lorenzo,Puerto Rico,422
San Sebastián,Puerto Rico,163
Santa Isabel,Puerto Rico,457
Toa Alta,Puerto Rico,248
Toa Baja,Puerto Rico,983
Trujillo Alto,Puerto Rico,687
Utuado,Puerto Rico,177
Vega Alta,Puerto Rico,643
Vega Baja,Puerto Rico,773
Vieques,Puerto Rico,693
Villalba,Puerto Rico,261
Yabucoa,Puerto Rico,455
Yauco,Puerto Rico,440
Bristol,Rhode Island,-1
Kent,Rhode Island,97
Newport,Rhode Island,122
Providence,Rhode Island,289
Washington,Rhode Island,61
Abbeville,South Carolina,392
Aiken,South Carolina,367
Allendale,South Carolina,1154
Anderson,South Carolina,393
Bamberg,South Carolina,1137
Barnwell,South Carolina,1051
Beaufort,South Carolina,457
Berkeley,South Carolina,358
Calhoun,South Carolina,547
Charleston,South Carolina,739
Cherokee,South Carolina,389
Chester,South Carolina,545
Chesterfield,South Carolina,420
Clarendon,South Carolina,947
Colleton,South Carolina,901
Darlington,South Carolina,856
Dillon,South Carolina,904
Dorchester,South Carolina,481
Edgefield,South Carolina,835
Fairfield,South Carolina,704
Florence,South Carolina,1139
Georgetown,South Carolina,710
Greenville,South Carolina,581
Greenwood,South Carolina,682
Hampton,South Carolina,991
Horry,South Carolina,589
Jasper,South Carolina,386
Kershaw,South Carolina,446
Lancaster,South Carolina,650
Laurens,South Carolina,508
Lee,South Carolina,2388
Lexington,South Carolina,511
Marion,South Carolina,1201
Marlboro,South Carolina,565
McCormick,South Carolina,-1
Newberry,South Carolina,569
Oconee,South Carolina,154
Orangeburg,South Carolina,1219
Pickens,South Carolina,298
Richland,South Carolina,1500
Saluda,South Carolina,349
Spartanburg,South Carolina,413
Sumter,South Carolina,1270
Union,South Carolina,482
Williamsburg,South Carolina,1779
York,South Carolina,316
Aurora,South Dakota,-2
Beadle,South Dakota,-2
Bennett,South Dakota,-2
Bon Homme,South Dakota,-2
Brookings,South Dakota,-2
Brown,South Dakota,-2
Brule,South Dakota,-2
Buffalo,South Dakota,-2
Butte,South Dakota,-2
Campbell,South Dakota,-2
Charles Mix,South Dakota,-2
Clark,South Dakota,-2
Clay,South Dakota,-2
Codington,South Dakota,-2
Corson,South Dakota,-2
Custer,South Dakota,-2
Davison,South Dakota,-2
Day,South Dakota,-2
Deuel,South Dakota,-2
Dewey,South Dakota,-2
Douglas,South Dakota,-2
Edmunds,South Dakota,-2
Fall River,South Dakota,-2
Faulk,South Dakota,-2
Grant,South Dakota,-2
Gregory,South Dakota,-2
Haakon,South Dakota,-2
Hamlin,South Dakota,-2
Hand,South Dakota,-2
Hanson,South Dakota,-2
Harding,South Dakota,-2
Hughes,South Dakota,-2
Hutchinson,South Dakota,-2
Hyde,South Dakota,-2
Jackson,South Dakota,-2
Jerauld,South Dakota,-2
Jones,South Dakota,-2
Kingsbury,South Dakota,-2
Lake,South Dakota,-2
Lawrence,South Dakota,-2
Lincoln,South Dakota,-2
Lyman,South Dakota,-2
Marshall,South Dakota,-2
McCook,South Dakota,-2
McPherson,South Dakota,-2
Meade,South Dakota,-2
Mellette,South Dakota,-2
Miner,South Dakota,-2
Minnehaha,South Dakota,-2
Moody,South Dakota,-2
Oglala Lakota,South Dakota,-2
Pennington,South Dakota,-2
Perkins,South Dakota,-2
Potter,South Dakota,-2
Roberts,South Dakota,-2
Sanborn,South Dakota,-2
Spink,South Dakota,-2
Stanley,South Dakota,-2
Sully,South Dakota,-2
Todd,South Dakota,-2
Tripp,South Dakota,-2
Turner,South Dakota,-2
Union,South Dakota,-2
Walworth,South Dakota,-2
Yankton,South Dakota,-2
Ziebach,South Dakota,-2
Anderson,Tennessee,183
Bedford,Tennessee,203
Benton,Tennessee,-1
Bledsoe,Tennessee,701
Blount,Tennessee,134
Bradley,Tennessee,284
Campbell,Tennessee,125
Cannon,Tennessee,354
Carroll,Tennessee,230
Carter,Tennessee,362
Cheatham,Tennessee,379
Chester,Tennessee,-1
Claiborne,Tennessee,-1
Clay,Tennessee,-1
Cocke,Tennessee,269
Coffee,Tennessee,224
Crockett,Tennessee,-1
Cumberland,Tennessee,212
Davidson,Tennessee,1189
Decatur,Tennessee,-1
DeKalb,Tennessee,292
Dickson,Tennessee,249
Dyer,Tennessee,194
Fayette,Tennessee,232
Fentress,Tennessee,-1
Franklin,Tennessee,138
Gibson,Tennessee,284
Giles,Tennessee,295
Grainger,Tennessee,267
Greene,Tennessee,192
Grundy,Tennessee,343
Hamblen,Tennessee,279
Hamilton,Tennessee,670
Hancock,Tennessee,-1
Hardeman,Tennessee,232
Hardin,Tennessee,346
Hawkins,Tennessee,124
Haywood,Tennessee,1399
Henderson,Tennessee,169
Henry,Tennessee,255
Hickman,Tennessee,436
Houston,Tennessee,-1
Humphreys,Tennessee,210
Jackson,Tennessee,-1
Jefferson,Tennessee,197
Johnson,Tennessee,311
Knox,Tennessee,478
Lake,Tennessee,1337
Lauderdale,Tennessee,627
Lawrence,Tennessee,214
Lewis,Tennessee,-1
Lincoln,Tennessee,299
Loudon,Tennessee,197
Macon,Tennessee,-1
Madison,Tennessee,431
Marion,Tennessee,239
Marshall,Tennessee,173
Maury,Tennessee,367
McMinn,Tennessee,182
McNairy,Tennessee,151
Meigs,Tennessee,-1
Monroe,Tennessee,195
Montgomery,Tennessee,431
Moore,Tennessee,-1
Morgan,Tennessee,327
Obion,Tennessee,209
Overton,Tennessee,306
Perry,Tennessee,-1
Pickett,Tennessee,-1
Polk,Tennessee,-1
Putnam,Tennessee,234
Rhea,Tennessee,116
Roane,Tennessee,153
Robertson,Tennessee,427
Rutherford,Tennessee,408
Scott,Tennessee,-1
Sequatchie,Tennessee,-1
Sevier,Tennessee,289
Shelby,Tennessee,1395
Smith,Tennessee,382
Stewart,Tennessee,-1
Sullivan,Tennessee,177
Sumner,Tennessee,214
Tipton,Tennessee,163
Trousdale,Tennessee,500
Unicoi,Tennessee,215
Union,Tennessee,-1
Van Buren,Tennessee,-1
Warren,Tennessee,381
Washington,Tennessee,408
Wayne,Tennessee,255
Weakley,Tennessee,131
White,Tennessee,226
Williamson,Tennessee,160
Wilson,Tennessee,251
Anderson,Texas,1002
Andrews,Texas,-1
Angelina,Texas,422
Aransas,Texas,264
Archer,Texas,-1
Armstrong,Texas,-1
Atascosa,Texas,296
Austin,Texas,378
Bailey,Texas,-1
Bandera,Texas,180
Bastrop,Texas,361
Baylor,Texas,-1
Bee,Texas,853
Bell,Texas,452
Bexar,Texas,643
Blanco,Texas,-1
Borden,Texas,-1
Bosque,Texas,279
Bowie,Texas,493
Brazoria,Texas,501
Brazos,Texas,468
Brewster,Texas,-1
Briscoe,Texas,0
Brooks,Texas,1070
Brown,Texas,156
Burleson,Texas,318
Burnet,Texas,182
Caldwell,Texas,360
Calhoun,Texas,260
Callahan,Texas,-1
Cameron,Texas,493
Camp,Texas,-1
Carson,Texas,-1
Cass,Texas,339
Castro,Texas,-1
Chambers,Texas,-1
Cherokee,Texas,620
Childress,Texas,778
Clay,Texas,-1
Cochran,Texas,-1
Coke,Texas,-1
Coleman,Texas,-1
Collin,Texas,355
Collingsworth,Texas,0
Colorado,Texas,544
Comal,Texas,192
Comanche,Texas,-1
Concho,Texas,1928
Cooke,Texas,106
Coryell,Texas,936
Cottle,Texas,-1
Crane,Texas,-1
Crockett,Texas,-1
Crosby,Texas,1184
Culberson,Texas,-1
Dallam,Texas,-1
Dallas,Texas,1443
Dawson,Texas,381
Deaf Smith,Texas,-1
Delta,Texas,-1
Denton,Texas,303
DeWitt,Texas,-1
Dickens,Texas,-1
Dimmit,Texas,0
Donley,Texas,0
Duval,Texas,426
Eastland,Texas,-1
Ector,Texas,331
Edwards,Texas,-1
El Paso,Texas,660
Ellis,Texas,311
Erath,Texas,-1
Falls,Texas,549
Fannin,Texas,302
Fayette,Texas,300
Fisher,Texas,-1
Floyd,Texas,0
Foard,Texas,0
Fort Bend,Texas,438
Franklin,Texas,-1
Freestone,Texas,1216
Frio,Texas,2108
Gaines,Texas,239
Galveston,Texas,601
Garza,Texas,2283
Gillespie,Texas,-1
Glasscock,Texas,-1
Goliad,Texas,-1
Gonzales,Texas,298
Gray,Texas,228
Grayson,Texas,305
Gregg,Texas,735
Grimes,Texas,624
Guadalupe,Texas,234
Hale,Texas,305
Hall,Texas,-1
Hamilton,Texas,0
Hansford,Texas,-1
Hardeman,Texas,-1
Hardin,Texas,171
Harris,Texas,1100
Harrison,Texas,350
Hartley,Texas,-1
Haskell,Texas,977
Hays,Texas,311
Hemphill,Texas,-1
Henderson,Texas,377
Hidalgo,Texas,388
Hill,Texas,189
Hockley,Texas,217
Hood,Texas,244
Hopkins,Texas,224
Houston,Texas,1573
Howard,Texas,909
Hudspeth,Texas,-1
Hunt,Texas,260
Hutchinson,Texas,301
Irion,Texas,-1
Jack,Texas,-1
Jackson,Texas,-1
Jasper,Texas,238
Jeff Davis,Texas,-1
Jefferson,Texas,926
Jim Hogg,Texas,-1
Jim Wells,Texas,250
Johnson,Texas,307
Jones,Texas,271
Karnes,Texas,2006
Kaufman,Texas,314
Kendall,Texas,203
Kenedy,Texas,-1
Kent,Texas,-1
Kerr,Texas,259
Kimble,Texas,-1
King,Texas,-1
Kinney,Texas,-1
Kleberg,Texas,179
Knox,Texas,-1
La Salle,Texas,783
Lamar,Texas,264
Lamb,Texas,505
Lampasas,Texas,-1
Lavaca,Texas,323
Lee,Texas,241
Leon,Texas,556
Liberty,Texas,556
Limestone,Texas,311
Lipscomb,Texas,0
Live Oak,Texas,-1
Llano,Texas,322
Loving,Texas,-1
Lubbock,Texas,390
Lynn,Texas,-1
Madison,Texas,867
Marion,Texas,684
Martin,Texas,-1
Mason,Texas,-1
Matagorda,Texas,488
Maverick,Texas,278
McCulloch,Texas,-1
McLennan,Texas,445
McMullen,Texas,-1
Medina,Texas,211
Menard,Texas,-1
Midland,Texas,343
Milam,Texas,280
Mills,Texas,0
Mitchell,Texas,0
Montague,Texas,296
Montgomery,Texas,310
Moore,Texas,-1
Morris,Texas,-1
Motley,Texas,0
Nacogdoches,Texas,493
Navarro,Texas,556
Newton,Texas,-1
Nolan,Texas,-1
Nueces,Texas,399
Ochiltree,Texas,-1
Oldham,Texas,0
Orange,Texas,382
Palo Pinto,Texas,331
Panola,Texas,386
Parker,Texas,176
Parmer,Texas,-1
Pecos,Texas,260
Polk,Texas,922
Potter,Texas,594
Presidio,Texas,-1
Rains,Texas,345
Randall,Texas,176
Reagan,Texas,-1
Real,Texas,-1
Red River,Texas,-1
Reeves,Texas,2447
Refugio,Texas,-1
Roberts,Texas,-1
Robertson,Texas,-1
Rockwall,Texas,207
Runnels,Texas,-1
Rusk,Texas,488
Sabine,Texas,-1
San Augustine,Texas,553
San Jacinto,Texas,412
San Patricio,Texas,210
San Saba,Texas,-1
Schleicher,Texas,-1
Scurry,Texas,-1
Shackelford,Texas,-1
Shelby,Texas,310
Sherman,Texas,-1
Smith,Texas,590
Somervell,Texas,-1
Starr,Texas,84
Stephens,Texas,510
Sterling,Texas,0
Stonewall,Texas,-1
Sutton,Texas,-1
Swisher,Texas,-1
Tarrant,Texas,569
Taylor,Texas,516
Terrell,Texas,-1
Terry,Texas,795
Throckmorton,Texas,0
Titus,Texas,250
Tom Green,Texas,285
Travis,Texas,737
Trinity,Texas,-1
Tyler,Texas,709
Upshur,Texas,286
Upton,Texas,-1
Uvalde,Texas,245
Val Verde,Texas,284
Van Zandt,Texas,295
Victoria,Texas,352
Walker,Texas,2184
Waller,Texas,218
Ward,Texas,-1
Washington,Texas,268
Webb,Texas,403
Wharton,Texas,581
Wheeler,Texas,-1
Wichita,Texas,324
Wilbarger,Texas,-1
Willacy,Texas,1782
Williamson,Texas,276
Wilson,Texas,144
Winkler,Texas,-1
Wise,Texas,193
Wood,Texas,265
Yoakum,Texas,0
Young,Texas,-1
Zapata,Texas,-1
Zavala,Texas,-1
Beaver,Utah,-1
Box Elder,Utah,124
Cache,Utah,129
Carbon,Utah,-1
Daggett,Utah,0
Davis,Utah,153
Duchesne,Utah,-1
Emery,Utah,-1
Garfield,Utah,-1
Grand,Utah,-1
Iron,Utah,157
Juab,Utah,-1
Kane,Utah,-1
Millard,Utah,477
Morgan,Utah,-1
Piute,Utah,0
Rich,Utah,-1
Salt Lake,Utah,426
San Juan,Utah,-1
Sanpete,Utah,-1
Sevier,Utah,-1
Summit,Utah,-1
Tooele,Utah,117
Uintah,Utah,-1
Utah,Utah,100
Wasatch,Utah,-1
Washington,Utah,176
Wayne,Utah,-1
Weber,Utah,130
Addison,Vermont,-2
Bennington,Vermont,-2
Caledonia,Vermont,-2
Chittenden,Vermont,42
Essex,Vermont,-2
Franklin,Vermont,-2
Grand Isle,Vermont,-2
Lamoille,Vermont,-2
Orange,Vermont,-2
Orleans,Vermont,-2
Rutland,Vermont,-1
Washington,Vermont,-1
Windham,Vermont,-2
Windsor,Vermont,-2
Accomack,Virginia,674
Albemarle,Virginia,354
Alexandria,Virginia,1390
Alleghany,Virginia,-1
Amelia,Virginia,301
Amherst,Virginia,289
Appomattox,Virginia,309
Arlington,Virginia,1033
Augusta,Virginia,121
Bath,Virginia,-1
Bedford,Virginia,188
Bedford,Virginia,undefined
Bland,Virginia,-1
Botetourt,Virginia,128
Bristol,Virginia,283
Brunswick,Virginia,735
Buchanan,Virginia,210
Buckingham,Virginia,480
Buena Vista,Virginia,-1
Campbell,Virginia,244
Caroline,Virginia,413
Carroll,Virginia,-1
Charles City,Virginia,560
Charlotte,Virginia,-1
Charlottesville,Virginia,1111
Chesapeake,Virginia,486
Chesterfield,Virginia,351
Clarke,Virginia,-1
Colonial Heights,Virginia,298
Covington,Virginia,996
Craig,Virginia,-1
Culpeper,Virginia,371
Cumberland,Virginia,481
Danville,Virginia,1059
Dickenson,Virginia,-1
Dinwiddie,Virginia,180
Emporia,Virginia,-1
Essex,Virginia,-1
Fairfax,Virginia,446
Fairfax,Virginia,605
Falls Church,Virginia,413
Fauquier,Virginia,205
Floyd,Virginia,331
Fluvanna,Virginia,256
Franklin,Virginia,152
Franklin,Virginia,-1
Frederick,Virginia,229
Fredericksburg,Virginia,840
Galax,Virginia,0
Giles,Virginia,-1
Gloucester,Virginia,149
Goochland,Virginia,383
Grayson,Virginia,332
Greene,Virginia,359
Greensville,Virginia,1333
Halifax,Virginia,350
Hampton,Virginia,892
Hanover,Virginia,199
Harrisonburg,Virginia,448
Henrico,Virginia,518
Henry,Virginia,294
Highland,Virginia,-1
Hopewell,Virginia,1084
Isle of Wight,Virginia,402
James City,Virginia,197
King and Queen,Virginia,-1
King George,Virginia,273
King William,Virginia,-1
Lancaster,Virginia,927
Lee,Virginia,160
Lexington,Virginia,-1
Loudoun,Virginia,203
Louisa,Virginia,147
Lunenburg,Virginia,469
Lynchburg,Virginia,705
Madison,Virginia,-1
Manassas,Virginia,581
Manassas Park,Virginia,404
Martinsville,Virginia,477
Mathews,Virginia,-1
Mecklenburg,Virginia,510
Middlesex,Virginia,-1
Montgomery,Virginia,158
Nelson,Virginia,-1
New Kent,Virginia,216
Newport News,Virginia,990
Norfolk,Virginia,1977
Northampton,Virginia,584
Northumberland,Virginia,-1
Norton,Virginia,0
Nottoway,Virginia,953
Orange,Virginia,357
Page,Virginia,159
Patrick,Virginia,-1
Petersburg,Virginia,2095
Pittsylvania,Virginia,175
Poquoson,Virginia,-1
Portsmouth,Virginia,1387
Powhatan,Virginia,367
Prince Edward,Virginia,552
Prince George,Virginia,730
Prince William,Virginia,414
Pulaski,Virginia,125
Radford,Virginia,-1
Rappahannock,Virginia,-1
Richmond,Virginia,-1
Richmond,Virginia,1539
Roanoke,Virginia,212
Roanoke,Virginia,941
Rockbridge,Virginia,183
Rockingham,Virginia,171
Russell,Virginia,-1
Salem,Virginia,259
Scott,Virginia,-1
Shenandoah,Virginia,146
Smyth,Virginia,336
Southampton,Virginia,343
Spotsylvania,Virginia,364
Stafford,Virginia,208
Staunton,Virginia,341
Suffolk,Virginia,457
Surry,Virginia,-1
Sussex,Virginia,1229
Tazewell,Virginia,98
Virginia Beach,Virginia,452
Warren,Virginia,287
Washington,Virginia,99
Waynesboro,Virginia,625
Westmoreland,Virginia,407
Williamsburg,Virginia,738
Winchester,Virginia,811
Wise,Virginia,408
Wythe,Virginia,-1
York,Virginia,146
Adams,Washington,-1
Asotin,Washington,355
Benton,Washington,269
Chelan,Washington,286
Clallam,Washington,173
Clark,Washington,334
Columbia,Washington,-1
Cowlitz,Washington,348
Douglas,Washington,-1
Ferry,Washington,-1
Franklin,Washington,261
Garfield,Washington,-1
Grant,Washington,104
Grays Harbor,Washington,273
Island,Washington,297
Jefferson,Washington,158
King,Washington,654
Kitsap,Washington,248
Kittitas,Washington,229
Klickitat,Washington,-1
Lewis,Washington,214
Lincoln,Washington,-1
Mason,Washington,322
Okanogan,Washington,106
Pacific,Washington,206
Pend Oreille,Washington,-1
Pierce,Washington,396
San Juan,Washington,262
Skagit,Washington,251
Skamania,Washington,-1
Snohomish,Washington,340
Spokane,Washington,287
Stevens,Washington,-1
Thurston,Washington,222
Wahkiakum,Washington,-1
Walla Walla,Washington,245
Whatcom,Washington,276
Whitman,Washington,161
Yakima,Washington,246
District of Columbia,"Washington, D.C.",-4
Barbour,West Virginia,-1
Berkeley,West Virginia,234
Boone,West Virginia,204
Braxton,West Virginia,-1
Brooke,West Virginia,-1
Cabell,West Virginia,495
Calhoun,West Virginia,-1
Clay,West Virginia,-1
Doddridge,West Virginia,-1
Fayette,West Virginia,206
Gilmer,West Virginia,-1
Grant,West Virginia,-1
Greenbrier,West Virginia,170
Hampshire,West Virginia,-1
Hancock,West Virginia,-1
Hardy,West Virginia,275
Harrison,West Virginia,246
Jackson,West Virginia,-1
Jefferson,West Virginia,219
Kanawha,West Virginia,503
Lewis,West Virginia,-1
Lincoln,West Virginia,-1
Logan,West Virginia,145
Marion,West Virginia,203
Marshall,West Virginia,129
Mason,West Virginia,-1
McDowell,West Virginia,-1
Mercer,West Virginia,156
Mineral,West Virginia,-1
Mingo,West Virginia,-1
Monongalia,West Virginia,209
Monroe,West Virginia,359
Morgan,West Virginia,206
Nicholas,West Virginia,-1
Ohio,West Virginia,217
Pendleton,West Virginia,-1
Pleasants,West Virginia,658
Pocahontas,West Virginia,-1
Preston,West Virginia,296
Putnam,West Virginia,117
Raleigh,West Virginia,320
Randolph,West Virginia,140
Ritchie,West Virginia,-1
Roane,West Virginia,-1
Summers,West Virginia,-1
Taylor,West Virginia,-1
Tucker,West Virginia,-1
Tyler,West Virginia,-1
Upshur,West Virginia,-1
Wayne,West Virginia,-1
Webster,West Virginia,-1
Wetzel,West Virginia,-1
Wirt,West Virginia,-1
Wood,West Virginia,158
Wyoming,West Virginia,-1
Adams,Wisconsin,-1
Ashland,Wisconsin,-1
Barron,Wisconsin,97
Bayfield,Wisconsin,0
Brown,Wisconsin,216
Buffalo,Wisconsin,-1
Burnett,Wisconsin,0
Calumet,Wisconsin,-1
Chippewa,Wisconsin,76
Clark,Wisconsin,-1
Columbia,Wisconsin,161
Crawford,Wisconsin,-1
Dane,Wisconsin,297
Dodge,Wisconsin,139
Door,Wisconsin,165
Douglas,Wisconsin,135
Dunn,Wisconsin,122
Eau Claire,Wisconsin,56
Florence,Wisconsin,0
Fond du Lac,Wisconsin,128
Forest,Wisconsin,-1
Grant,Wisconsin,119
Green,Wisconsin,-1
Green Lake,Wisconsin,0
Iowa,Wisconsin,-1
Iron,Wisconsin,-1
Jackson,Wisconsin,-1
Jefferson,Wisconsin,63
Juneau,Wisconsin,143
Kenosha,Wisconsin,261
Kewaunee,Wisconsin,-1
La Crosse,Wisconsin,151
Lafayette,Wisconsin,-1
Langlade,Wisconsin,-1
Lincoln,Wisconsin,-1
Manitowoc,Wisconsin,72
Marathon,Wisconsin,65
Marinette,Wisconsin,108
Marquette,Wisconsin,-1
Menominee,Wisconsin,-1
Milwaukee,Wisconsin,712
Monroe,Wisconsin,109
Oconto,Wisconsin,-1
Oneida,Wisconsin,120
Outagamie,Wisconsin,141
Ozaukee,Wisconsin,61
Pepin,Wisconsin,0
Pierce,Wisconsin,-1
Polk,Wisconsin,90
Portage,Wisconsin,142
Price,Wisconsin,-1
Racine,Wisconsin,204
Richland,Wisconsin,-1
Rock,Wisconsin,210
Rusk,Wisconsin,-1
Sauk,Wisconsin,90
Sawyer,Wisconsin,-1
Shawano,Wisconsin,116
Sheboygan,Wisconsin,154
St. Croix,Wisconsin,73
Taylor,Wisconsin,-1
Trempealeau,Wisconsin,-1
Vernon,Wisconsin,-1
Vilas,Wisconsin,-1
Walworth,Wisconsin,89
Washburn,Wisconsin,-1
Washington,Wisconsin,54
Waukesha,Wisconsin,67
Waupaca,Wisconsin,-1
Waushara,Wisconsin,168
Winnebago,Wisconsin,152
Wood,Wisconsin,174
Albany,Wyoming,155
Big Horn,Wyoming,-1
Campbell,Wyoming,116
Carbon,Wyoming,-1
Converse,Wyoming,-1
Crook,Wyoming,-1
Fremont,Wyoming,-1
Goshen,Wyoming,-1
Hot Springs,Wyoming,0
Johnson,Wyoming,-1
Laramie,Wyoming,162
Lincoln,Wyoming,0
Natrona,Wyoming,101
Niobrara,Wyoming,-1
Park,Wyoming,0
Platte,Wyoming,-1
Sheridan,Wyoming,-1
Sublette,Wyoming,0
Sweetwater,Wyoming,-1
Teton,Wyoming,-1
Uinta,Wyoming,-1
Washakie,Wyoming,-1
Weston,Wyoming,-1
